{"cameraMode":{"drawMode":0,"name":"Shaded","section":"Shading Mode"},"sceneLighting":true,"audioPlay":false,"sceneViewState":{"m_AlwaysRefresh":false,"showFog":true,"showSkybox":true,"showFlares":true,"showImageEffects":true,"showParticleSystems":true,"showVisualEffectGraphs":true,"m_FxEnabled":true},"in2DMode":false,"pivot":{"x":219.26783752441407,"y":279.21728515625,"z":-336.90936279296877},"rotation":{"x":0.06051556393504143,"y":0.10610109567642212,"z":-0.006468834821134806,"w":0.9924933910369873},"size":85.59211730957031,"orthographic":false}