{"cameraMode":{"drawMode":0,"name":"Shaded","section":"Shading Mode"},"sceneLighting":true,"audioPlay":false,"sceneViewState":{"m_AlwaysRefresh":false,"showFog":true,"showSkybox":true,"showFlares":true,"showImageEffects":true,"showParticleSystems":true,"showVisualEffectGraphs":true,"m_FxEnabled":true},"in2DMode":false,"pivot":{"x":-0.49257326126098635,"y":-0.08664888143539429,"z":4.42707633972168},"rotation":{"x":-0.06086334213614464,"y":0.9299181699752808,"z":-0.17962250113487245,"w":-0.31509411334991457},"size":2.276580333709717,"orthographic":false}