{"cameraMode":{"drawMode":0,"name":"Shaded","section":"Shading Mode"},"sceneLighting":true,"audioPlay":false,"sceneViewState":{"m_AlwaysRefresh":false,"showFog":true,"showSkybox":true,"showFlares":true,"showImageEffects":true,"showParticleSystems":true,"showVisualEffectGraphs":true,"m_FxEnabled":true},"in2DMode":false,"pivot":{"x":223.9927520751953,"y":320.97418212890627,"z":-374.869384765625},"rotation":{"x":0.0008975559030659497,"y":0.020997555926442148,"z":-0.000018314111002837308,"w":0.9997808337211609},"size":136.6690673828125,"orthographic":false}