{"cameraMode":{"drawMode":0,"name":"Shaded","section":"Shading Mode"},"sceneLighting":true,"audioPlay":false,"sceneViewState":{"m_AlwaysRefresh":false,"showFog":true,"showSkybox":true,"showFlares":true,"showImageEffects":true,"showParticleSystems":true,"showVisualEffectGraphs":true,"m_FxEnabled":true},"in2DMode":false,"pivot":{"x":9.819401741027832,"y":-8.594026565551758,"z":296.53643798828127},"rotation":{"x":-0.020392054691910745,"y":-0.01858600787818432,"z":0.000377238990040496,"w":-0.9996194243431091},"size":149.7768096923828,"orthographic":false}